Order_ID,Person_ID,Order_Date,Amount
O0001,P063,2023-01-01,4161
O0002,P018,2023-01-02,3469
O0003,P090,2023-01-03,362
O0004,P044,2023-01-04,723
O0005,P034,2023-01-05,1116
O0006,P074,2023-01-06,3743
O0007,P062,2023-01-07,2149
O0008,P100,2023-01-08,3823
O0009,P014,2023-01-09,4648
O0010,P095,2023-01-10,3208
O0011,P048,2023-01-11,4190
O0012,P015,2023-01-12,2156
O0013,P072,2023-01-13,3270
O0014,P078,2023-01-14,1782
O0015,P087,2023-01-15,2355
O0016,P062,2023-01-16,1254
O0017,P040,2023-01-17,4599
O0018,P085,2023-01-18,3291
O0019,P080,2023-01-19,1796
O0020,P082,2023-01-20,4091
O0021,P053,2023-01-21,4823
O0022,P024,2023-01-22,4782
O0023,P026,2023-01-23,1748
O0024,P089,2023-01-24,1545
O0025,P060,2023-01-25,4299
O0026,P041,2023-01-26,4023
O0027,P029,2023-01-27,353
O0028,P015,2023-01-28,3283
O0029,P045,2023-01-29,2657
O0030,P065,2023-01-30,198
O0031,P089,2023-01-31,2300
O0032,P071,2023-02-01,3061
O0033,P009,2023-02-02,4533
O0034,P088,2023-02-03,3877
O0035,P001,2023-02-04,2969
O0036,P008,2023-02-05,3334
O0037,P088,2023-02-06,3891
O0038,P063,2023-02-07,1056
O0039,P011,2023-02-08,4167
O0040,P081,2023-02-09,260
O0041,P008,2023-02-10,4593
O0042,P035,2023-02-11,1400
O0043,P035,2023-02-12,4087
O0044,P033,2023-02-13,1627
O0045,P005,2023-02-14,1318
O0046,P041,2023-02-15,4596
O0047,P028,2023-02-16,4835
O0048,P007,2023-02-17,3204
O0049,P073,2023-02-18,2835
O0050,P072,2023-02-19,4655
O0051,P012,2023-02-20,1054
O0052,P034,2023-02-21,4665
O0053,P033,2023-02-22,3546
O0054,P048,2023-02-23,1145
O0055,P023,2023-02-24,1793
O0056,P062,2023-02-25,3536
O0057,P088,2023-02-26,662
O0058,P037,2023-02-27,2585
O0059,P099,2023-02-28,3454
O0060,P044,2023-03-01,325
O0061,P086,2023-03-02,4993
O0062,P091,2023-03-03,1059
O0063,P035,2023-03-04,4648
O0064,P065,2023-03-05,3167
O0065,P099,2023-03-06,915
O0066,P047,2023-03-07,4854
O0067,P078,2023-03-08,4742
O0068,P003,2023-03-09,3220
O0069,P001,2023-03-10,116
O0070,P005,2023-03-11,1343
O0071,P090,2023-03-12,2305
O0072,P014,2023-03-13,2624
O0073,P027,2023-03-14,1169
O0074,P009,2023-03-15,3544
O0075,P079,2023-03-16,2665
O0076,P015,2023-03-17,1160
O0077,P090,2023-03-18,2427
O0078,P042,2023-03-19,3520
O0079,P077,2023-03-20,401
O0080,P051,2023-03-21,4376
O0081,P063,2023-03-22,706
O0082,P096,2023-03-23,3270
O0083,P052,2023-03-24,799
O0084,P096,2023-03-25,1239
O0085,P004,2023-03-26,290
O0086,P094,2023-03-27,2400
O0087,P023,2023-03-28,1080
O0088,P015,2023-03-29,3075
O0089,P043,2023-03-30,1284
O0090,P029,2023-03-31,3427
O0091,P036,2023-04-01,3494
O0092,P013,2023-04-02,227
O0093,P032,2023-04-03,2165
O0094,P071,2023-04-04,1916
O0095,P059,2023-04-05,669
O0096,P086,2023-04-06,1995
O0097,P028,2023-04-07,2833
O0098,P066,2023-04-08,3963
O0099,P042,2023-04-09,4821
O0100,P045,2023-04-10,4114
O0101,P062,2023-04-11,3001
O0102,P057,2023-04-12,1786
O0103,P006,2023-04-13,3109
O0104,P028,2023-04-14,254
O0105,P028,2023-04-15,2637
O0106,P044,2023-04-16,1509
O0107,P084,2023-04-17,4157
O0108,P030,2023-04-18,884
O0109,P062,2023-04-19,3275
O0110,P075,2023-04-20,4441
O0111,P092,2023-04-21,2906
O0112,P089,2023-04-22,637
O0113,P062,2023-04-23,1941
O0114,P097,2023-04-24,2555
O0115,P001,2023-04-25,624
O0116,P027,2023-04-26,3050
O0117,P062,2023-04-27,4231
O0118,P077,2023-04-28,4880
O0119,P003,2023-04-29,4215
O0120,P070,2023-04-30,2468
O0121,P072,2023-05-01,3947
O0122,P027,2023-05-02,4595
O0123,P009,2023-05-03,2801
O0124,P062,2023-05-04,1071
O0125,P037,2023-05-05,1266
O0126,P097,2023-05-06,2874
O0127,P051,2023-05-07,2082
O0128,P044,2023-05-08,953
O0129,P024,2023-05-09,4246
O0130,P079,2023-05-10,3836
O0131,P059,2023-05-11,3869
O0132,P032,2023-05-12,674
O0133,P096,2023-05-13,3361
O0134,P088,2023-05-14,1248
O0135,P052,2023-05-15,1815
O0136,P062,2023-05-16,4877
O0137,P058,2023-05-17,3954
O0138,P052,2023-05-18,2591
O0139,P012,2023-05-19,2760
O0140,P039,2023-05-20,3224
O0141,P002,2023-05-21,3151
O0142,P003,2023-05-22,104
O0143,P056,2023-05-23,4969
O0144,P081,2023-05-24,976
O0145,P059,2023-05-25,1091
O0146,P002,2023-05-26,4242
O0147,P002,2023-05-27,4464
O0148,P092,2023-05-28,4565
O0149,P054,2023-05-29,735
O0150,P087,2023-05-30,1793
O0151,P096,2023-05-31,1782
O0152,P097,2023-06-01,4852
O0153,P001,2023-06-02,219
O0154,P019,2023-06-03,930
O0155,P002,2023-06-04,3775
O0156,P053,2023-06-05,1469
O0157,P044,2023-06-06,840
O0158,P090,2023-06-07,216
O0159,P032,2023-06-08,2938
O0160,P070,2023-06-09,1250
O0161,P032,2023-06-10,2031
O0162,P068,2023-06-11,1112
O0163,P055,2023-06-12,1764
O0164,P075,2023-06-13,1181
O0165,P056,2023-06-14,4829
O0166,P017,2023-06-15,612
O0167,P038,2023-06-16,2949
O0168,P024,2023-06-17,659
O0169,P069,2023-06-18,3772
O0170,P098,2023-06-19,4683
O0171,P070,2023-06-20,3443
O0172,P086,2023-06-21,4170
O0173,P011,2023-06-22,4899
O0174,P016,2023-06-23,1570
O0175,P097,2023-06-24,680
O0176,P073,2023-06-25,2394
O0177,P059,2023-06-26,3247
O0178,P070,2023-06-27,4349
O0179,P080,2023-06-28,1779
O0180,P093,2023-06-29,3606
O0181,P003,2023-06-30,2844
O0182,P020,2023-07-01,3456
O0183,P059,2023-07-02,4145
O0184,P036,2023-07-03,1343
O0185,P019,2023-07-04,3218
O0186,P090,2023-07-05,2241
O0187,P067,2023-07-06,3159
O0188,P019,2023-07-07,4648
O0189,P020,2023-07-08,3059
O0190,P096,2023-07-09,2365
O0191,P071,2023-07-10,2579
O0192,P052,2023-07-11,4746
O0193,P033,2023-07-12,1735
O0194,P040,2023-07-13,1857
O0195,P039,2023-07-14,4552
O0196,P082,2023-07-15,2170
O0197,P001,2023-07-16,2949
O0198,P011,2023-07-17,3351
O0199,P092,2023-07-18,3830
O0200,P057,2023-07-19,2589
